Player_ID,Team_ID,Player,First Name,Last Name,PPG,APG,RPG,SPG,3P%
641,4,Ethan Morton,Ethan ,Morton,4,0.5,1.5,1,0.667
732,2,Kerr Kriisa,Kerr ,Kriisa,3,1,2,0,0.1
746,35,Devante Jones,Devante ,Jones,2,3,3,0,0
26,28,Daylen Kountz,Daylen ,Kountz,23,3,4,1,0
142,28,Kur Jockuch,Kur ,Jockuch,16,0,12,0,0
335,28,Bodie Hume,Bodie,Hume,11,2,11,0,0.375
399,28,Dru Kuxhausen,Dru,Kuxhausen,10,1,0,1,0.429
437,28,Dalton Knecht,Dalton ,Knecht,9,0,3,2,0
610,28,Matt Johnson II,Matt,Johnson II,5,3,2,1,0.333
51,36,Carl Pierre,Carl,Pierre,20,1,8,0,0.25
309,36,Travis Evee,Travis,Evee,12,4,4,1,0.25
342,36,Chris Mullins,Chris,Mullins,11,5,1,2,0
468,36,Max Fiedler,Max,Fiedler,8,1,6,1,0
770,36,Terrance McBride,Terrance,McBride,2,0,1,0,0
782,36,Cameron Sheffield,Cameron,Sheffield,1,0,4,0,0
735,54,Nick Sherod,Nick,Sherod,2.5,0,1,0,0
113,61,Jyare Davis,Jyare,Davis,17,1,6,0,0
608,17,Zep Jasper,Zep,Jasper,5,2,0.5,0,0
348,39,Zeke Mayo,Zeke,Mayo,11,1,4,3,0.375
693,38,Zed Key,Zed,Key,3,0,9,0,0
419,6,Zakai Zeigler,Zakai,Zeigler,9,3.5,1,0.5,0.25
232,4,Zach Edey,Zach,Edey,13.5,0.5,9.5,0,0
531,58,Zac Watson,Zac,Watson,7,2,3,1,0
713,67,Yahuza Rasas,Yahuza,Rasas,3,0.5,1.5,0,0
764,32,Yahell Hill,Yahell,Hill,2,1,0,0,0
310,56,Xavier Bishop,Xavier,Bishop,12,2,1,1,0.5
368,31,Xavier Johnson,Xavier,Johnson,10.5,6,3,1,0.5
749,41,Xavier Pinson,Xavier,Pinson,2,7,2,1,0
94,55,Xavier Castaneda,Xavier,Castaneda,18,1,6,1,0.286
602,52,"William McNair, Jr.",William,"McNair,",5,0,5,0,0
202,11,"Wendell Moore, Jr.",Wendell,"Moore,",14,5,4,1.5,0.75
381,17,"Wendell Green, Jr.",Wendell,"Green,",10,5.5,3,0,0.25
506,17,Walker Kessler,Walker,Kessler,7.5,0.5,6,0.5,0
391,64,Vincent Lee,Vincent,Lee,10,2,4,2,0
632,7,"TyTy Washington, Jr.",TyTy,"Washington,",5,1,2,0,0.5
470,19,Tyson Degenhart,Tyson,Degenhart,8,1,4,0,0.667
409,27,Tyson Walker,Tyson,Walker,9.5,4,1.5,0.5,0.286
434,18,Tyrese Martin,Tyrese,Martin,9,3,5,0,0.5
612,34,Tyrese Samuel,Tyrese,Samuel,5,1,2,1,0
233,51,Tyrese Hunter,Tyrese,Hunter,13.5,4,4.5,4,0.5
533,63,Tyrese Jenkins,Tyrese,Jenkins,7,1,1,1,0.333
540,18,Tyler Polley,Tyler,Polley,7,0,0,0,0.286
720,56,Tyler Patterson,Tyler,Patterson,3,0,3,1,0.143
511,20,Tyler Harris,Tyler,Harris,7.5,1.5,0.5,0.5,0.167
319,23,Tyler Wahl,Tyler,Wahl,11.5,2,8.5,1,0
690,50,Tyler Kolek,Tyler,Kolek,3,10,1,0,0.25
320,54,Tyler Burton,Tyler,Burton,11.5,0.5,8.5,2.5,0.2
136,5,Tyger Campbell,Tyger,Campbell,16,4.5,2,0,0.429
589,63,Ty Gordon,Ty,Gordon,6,3,1,0,0.182
182,49,Tucker Richardson,Tucker,Richardson,15,1,7,1,0.5
137,22,Trey Alexander,Trey,Alexander,16,7,3.5,1.5,0.4
226,25,Trey Pulliam,Trey,Pulliam,14,3,3,2,1
781,12,Trey Wade,Trey,Wade,1,0.5,1,0.5,0
520,45,Trey Jemison,Trey,Jemison,7,2,9,0,0
739,47,Trey Wertz,Trey,Wertz,2,2.3,0.7,1,0.5
74,62,Trey Calvin,Trey,Calvin,18.5,4,3,2,0.4
93,68,Trey Tennyson,Trey,Tennyson,18,0,4,1,0.429
424,11,Trevor Keels,Trevor,Keels,9,1,3,0.5,0.25
167,4,Trevion Williams,Trevion,Williams,15,3,8.5,0.5,0
601,16,Trent Frazier,Trent,Frazier,5,4,3,1.5,0.091
214,32,Tre Gomillion,Tre,Gomillion,14,5,7,3,0
42,31,Trayce Jackson-Davis,Trayce,Jackson-Davis,20.5,1,7,0,0
716,34,Tray Jackson,Tray,Jackson,3,0,1,2,0.25
530,64,Tray Maddox,Tray,Maddox,7,3,2,1,0.2
206,24,Trae Hannibal,Trae,Hannibal,14,0.5,7,2,0
273,32,Torrey Patton,Torrey,Patton,13,1,11,2,0
588,13,Tony Perkins,Tony,Perkins,6,1,1,0,0
171,14,Tommy Kuhse,Tommy,Kuhse,15,6,2,1,0.308
469,21,Timmy Allen,Timmy,Allen,8,2,4,1,0
314,62,Tim Finke,Tim,Finke,11.5,4.5,6.5,2,0.357
157,24,Tevin Brown,Tevin,Brown,15.5,3.5,6.5,1,0.316
397,68,Terrion Murdix,Terrion,Murdix,10,6,3,1,0.333
592,35,Terrance Williams II,Terrance,Williams,5.5,0.5,2,0,0.333
18,52,Teddy Allen,Teddy,Allen,24.5,1.5,5,1.5,0.462
166,15,Taze Moore,Taze,Moore,15,3.5,5.5,1.5,0.143
218,45,Tavin Lovan,Tavin,Lovan,14,1,5,1,0
729,26,Tate Hall,Tate,Hall,3,0,2,0,0.333
100,41,Tari Eason,Tari,Eason,18,0,4,0,0.5
17,62,Tanner Holden,Tanner,Holden,24.5,2,7,1.5,0.5
561,29,Storm Murphy,Storm,Murphy,6,4,5,1,0
684,23,Steven Crowl,Steven,Crowl,3.5,1,3,0,0.167
164,12,Stanley Umude,Stanley,Umude,15,3,8.5,0.5,0.417
295,68,Simeon Fryer,Simeon,Fryer,12,1,9,1,0.4
479,53,Silvio De Sousa,Silvio,De,8,3,4,0,0
435,67,Shelby Adams,Shelby,Adams,9,1,6,3,0
603,4,Sasha Stefanovic,Sasha,Stefanovic,5,2,2.5,0,0.167
317,6,Santiago Vescovi,Santiago,Vescovi,11.5,4.5,2,2,0.538
183,42,Samuel Mennenga,Samuel,Mennenga,15,1,5,0,0.6
552,44,Sam Waardenburg,Sam,Waardenburg,6,2,4,0,0.25
353,7,Sahvir Wheeler,Sahvir,Wheeler,11,6,4,0,0.5
622,63,Ryghe Lyons,Ryghe,Lyons,5,1,2,0,0.25
138,22,Ryan Kalkbrenner,Ryan,Kalkbrenner,16,3,10,1,0
296,22,Ryan Hawkins,Ryan,Hawkins,12,1.5,7,1.5,0.333
702,49,Ryan Moffatt,Ryan,Moffatt,3,2,3,0,1
491,26,Ryan Schwieger,Ryan,Schwieger,8,0,6,0,0.5
55,46,Ryan Davis,Ryan,Davis,20,0,3,0,0.8
670,61,Ryan Allen,Ryan,Allen,4,1,2,1,0
32,36,Ron Harper,Ron,Harper,22,4,4,0,0.571
576,46,Robin Duncan,Robin,Duncan,6,2,0,0,1
101,3,Remy Martin,Remy,Martin,17.5,4,4,1,0.5
238,1,Rasir Bolton,Rasir,Bolton,13.5,2,1,0,0.5
778,15,Ramon Walker,Ramon,Walker,1,1,3,0.5,0
444,56,RaeQuan Battle,RaeQuan,Battle,9,1,0,0,0.2
686,31,Race Thompson,Race,Thompson,3.5,0,5.5,1.5,0
58,18,R.J. Cole,R.J.,Cole,20,4,1,0,0.333
104,28,R.J. Davis,R.J.,Davis,17,9,4.5,0.5,0.4
537,45,Quan Jackson,Quan,Jackson,7,2,3,0,0.5
551,47,Prentiss Hubb,Prentiss,Hubb,6.3,4.3,4.7,1,0.2
743,63,Pierce Spencer,Pierce,Spencer,2,1,7,0,0
9,66,Peter Kiss,Peter,Kiss,28,2,4,3,0.333
450,2,Pelle Larsson,Pelle,Larsson,8.5,2,5.5,1,0.429
478,36,Paul Mulcahy,Paul,Mulcahy,8,5,6,0,0.4
194,47,"Paul Atkinson, Jr.",Paul,"Atkinson,",14.7,1.7,6,1.3,0
98,13,Patrick McCaffery,Patrick,McCaffery,18,1,2,0,0.571
383,30,Patrick Tape,Patrick,Tape,10,0,6,3,0
685,31,Parker Stewart,Parker,Stewart,3.5,0.5,2,0,0.25
76,11,Paolo Banchero,Paolo,Banchero,18,4,8.5,0.5,0.444
388,67,P.J. Henry,P.J.,Henry,10,2,3,1,0
777,2,Oumar Ballo,Oumar,Ballo,1,2,3.5,0,0
493,50,Oso Ighodaro,Oso,Ighodaro,8,1,2,2,0
3,7,Oscar Tshiebwe,Oscar,Tshiebwe,30,2,16,2,0
259,64,Orlando Robinson,Orlando,Robinson,13,5,4,1,0
147,50,Olivier-Maxence Prosper,Olivier-Maxence,Prosper,16,0,3,1,0.5
630,49,Oliver Lynch-Daniels,Oliver,Lynch-Daniels,5,0,1,0,1
247,3,Ochai Agbaji,Ochai,Agbaji,13,1.5,7,1,0.25
747,1,Nolan Hickman,Nolan,Hickman,2,0,1.5,0.5,0
650,37,Noah Gurley,Noah,Gurley,4,2,5,0,0
195,40,Noah Horchler,Noah,Horchler,14.5,0.5,11.5,1.5,0.556
581,49,Nique Clifford,Nique,Clifford,6,3,3,0,0.333
224,67,Nighael Ceaser,Nighael,Ceaser,14,0,4,0,0
755,42,Nelson Boachie-Yiadom,Nelson,Boachie-Yiadom,2,0,1,0,0
53,49,Nelly Cummings,Nelly,Cummings,20,6,6,0,0.333
126,54,Nathan Cayo,Nathan,Cayo,16.5,1,3.5,0,0
480,40,Nate Watson,Nate,Watson,8,0.5,3.5,0,0
370,47,Nate Laszewski,Nate,Laszewski,10.3,1.3,5.7,0.3,0.417
566,67,Nate Martin,Nate,Martin,6,1,4,0,0
565,19,Naje Smith,Naje,Smith,6,1,4,2,0
669,29,Nahiem Alleyne,Nahiem,Alleyne,4,0,2,0,0
786,8,Mylik Wilson,Mylik,Wilson,1,1,0,1,0
359,34,Myles Cale,Myles,Cale,11,1,2,1,0.5
648,68,Myles Smith,Myles,Smith,4,3,4,3,0.333
485,41,Mwani Wilkinson,Mwani,Wilkinson,8,1,3,1,0
374,35,Moussa Diabate,Moussa,Diabate,10,1.5,7.5,0,0
696,19,Mladen Armus,Mladen,Armus,3,0,11,1,0
464,42,Mike Jones,Mike,Jones,8,3,6,1,0.25
43,43,"Mike Miles, Jr.",Mike,"Miles,",20.5,2.5,3,0.5,0.25
269,45,Mike Ertel,Mike,Ertel,13,1,0,1,0.5
744,55,Mikal Dawson,Mikal,Dawson,2,1,5,1,0
680,43,Micah Peavy,Micah,Peavy,3.5,0.5,3,1,0
705,38,"Meechie Johnson, Jr.",Meechie,"Johnson,",3,0.5,1.5,0,0.4
695,19,Max Rice,Max,Rice,3,2,2,3,0.5
593,27,Max Christie,Max,Christie,5.5,1.5,2.5,0.5,0.167
712,33,Max Agbonkpolo,Max,Agbonkpolo,3,0,5,0,1
722,59,Matthue Cotton,Matthue,Cotton,3,0,2,1,0.333
240,14,Matthias Tass,Matthias,Tass,13,3.5,7,0,0
140,9,Matthew Mayer,Matthew,Mayer,16,0.5,4.5,1.5,0.5
547,57,Matthew Lee,Matthew,Lee,6.5,4,2,0.5,0.25
151,25,Matt Bradley,Matt,Bradley,16,3,8,0,0
661,54,Matt Grace,Matt,Grace,4,0,1,0.5,0
472,59,Matt Knowling,Matt,Knowling,8,2,6,1,0
687,4,Mason Gillis,Mason,Gillis,3,2,5,1,0
442,67,Mason Harrell,Mason,Harrell,9,3,3,0,0.2
655,26,Marquise Kennedy,Marquise,Kennedy,4,3,5,1,0
161,11,Mark Williams,Mark,Williams,15,2.5,7.5,1.5,0
675,19,"Marcus Shaver, Jr.",Marcus,"Shaver,",4,1,2,1,0
325,27,"Marcus Bingham, Jr.",Marcus,"Bingham,",11,0,9,2,0.5
61,21,Marcus Carr,Marcus,Carr,19,8,0.5,1,0.538
528,63,Manny Littles,Manny,Littles,7,1,10,0,0
791,27,Malik Hall,Malik,Hall,1,1,4,0,0
73,38,Malaki Branham,Malaki,Branham,18.5,3,3.5,2,0.333
313,53,Malachi Smith,Malachi,Smith,12,1,8,3,0
88,42,Luka Brajkovic,Luka,Brajkovic,18,2,4,0,0.5
246,66,"Luis Hurtado, Jr.",Luis,"Hurtado,",13,3,6,3,0
658,26,Lucas Williamson,Lucas,Williamson,4,6,5,3,0.2
62,14,Logan Johnson,Logan,Johnson,19,2,5.5,1.5,0.667
422,20,Lester Quinones,Lester,Quinones,9,0.5,3.5,0,0.5
663,58,Leslie Nkereuwem,Leslie,Nkereuwem,4,1,1,1,0
109,64,Leo Colimerio,Leo,Colimerio,17,1,9,3,0
638,28,Leaky Black,Leaky,Black,4,7,6,1.5,0
87,63,Latrell Jones,Latrell,Jones,18,3,4,4,0.375
580,64,"Latrell Wrightsell, Jr.",Latrell,"Wrightsell,",6,2,2,1,0
411,20,Landers Nolley II,Landers,Nolley,9.5,1,4.5,1.5,0.333
704,25,LaMont Butler,LaMont,Butler,3,2,6,0,0.5
44,15,Kyler Edwards,Kyler,Edwards,20,3.5,6.5,1.5,0.5
784,14,Kyle Bowen,Kyle,Bowen,1,0,1,0.5,0
510,38,Kyle Young,Kyle,Young,7.5,0.5,6.5,0.5,0
555,50,Kur Kuath,Kur,Kuath,6,0,5,0,0
701,13,Kris Murray,Kris,Murray,3,2,5,2,0
700,63,Kris Bankston,Kris,Bankston,3,3,3,0,0
78,16,Kofi Cockburn,Kofi,Cockburn,18,0.5,10.5,1.5,0
723,30,Khalil Shabazz,Khalil,Shabazz,3,1,4,1,0.167
278,8,Kevin Obanor,Kevin,Obanor,12.5,1,13,0,0.167
294,8,Kevin McCullar,Kevin,McCullar,12,2.5,1.5,2,0.333
426,61,Kevin Anderson,Kevin,Anderson,9,2,3,1,0.2
184,29,Keve Aluma,Keve,Aluma,15,1,6,1,0
560,25,Keshad Johnson,Keshad,Johnson,6,2,2,1,0
143,37,Keon Ellis,Keon,Ellis,16,0,9,2,0.667
134,6,Kennedy Chandler,Kennedy,Chandler,16,7,4.5,3,0.571
390,32,Kendle Moore,Kendle,Moore,10,3,2,3,0.4
600,9,Kendall Brown,Kendall,Brown,5,1,4,1.5,0
466,7,Kellan Grady,Kellan,Grady,8,4,5,1,0.143
463,7,"Keion Brooks, Jr.",Keion,"Brooks,",8,2,3,2,0
529,49,Keegan Records,Keegan,Records,7,0,7,0,0
39,13,Keegan Murray,Keegan,Murray,21,2,9,1,0
689,62,Keaton Norris,Keaton,Norris,3,2.5,4,1,0.5
307,65,Kane Williams,Kane,Williams,12,3,3,2,0
135,20,Kameron McGusty,Kameron,McGusty,16,3,6,2.5,0
724,50,Kam Jones,Kam,Jones,3,0,0,0,0.25
667,34,Kadary Richmond,Kadary,Richmond,4,4,2,3,0
174,24,K.J. Williams,K.J.,Williams,15,1,5,0,0.222
377,45,K.J. Buffen,K.J.,Buffen,10,1,11,3,0
332,17,K.D. Johnson,K.D.,Johnson,11,4,4,0.5,0.25
584,53,K.C. Hankton,K.C.,Hankton,6,0,2,0,0.5
287,57,K.C. Ndefo,K.C.,Ndefo,12,2.5,6.5,0.5,0
688,15,J'wan Roberts,J'wan,Roberts,3,0,3.5,0.5,0
387,37,Juwan Gary,Juwan,Gary,10,1,4,2,0.5
423,29,Justyn Mutts,Justyn,Mutts,9,5,5,1,0
197,10,Justin Moore,Justin,Moore,14.5,4,2,0.5,0.455
519,2,Justin Kier,Justin,Kier,7,3,3,0.5,0.667
417,40,Justin Minaya,Justin,Minaya,9,2.5,2.5,0,0.375
245,46,Justin Mazzulla,Justin,Mazzulla,13,4,9,0,0.25
579,50,Justin Lewis,Justin,Lewis,6,1,8,1,0.286
271,58,Justin Hill,Justin,Hill,13,2,2,4,0.5
346,65,Justin Roberts,Justin,Roberts,11,5,6,1,0
794,67,Justin Hopkins,Justin,Hopkins,0.5,0.5,0.5,0,0
106,24,Justice Hill,Justice,Hill,17,6.5,3.5,1.5,0.385
633,1,Julian Strawther,Julian,Strawther,4.5,1.5,5,0,0
496,30,Julian Rishwain,Julian,Rishwain,8,0,4,2,0.167
288,5,Jules Bernard,Jules,Bernard,12,2.5,4.5,1.5,0.455
616,56,Jubrile Belo,Jubrile,Belo,5,4,3,1,0
162,6,Josiah James,Josiah,James,15,2.5,7.5,1,0.25
412,15,Josh Carlton,Josh,Carlton,9.5,0,4,0,0
465,30,Josh Kunen,Josh,Kunen,8,2,7,0,0
574,13,Jordan Bohannon,Jordan,Bohannon,6,3,2,1,0.286
414,44,Jordan Miller,Jordan,Miller,9,1.5,3.5,3,0
122,45,Jordan Walker,Jordan,Walker,17,5,1,0,0.1
613,58,Jordan Perkins,Jordan,Perkins,5,3,4,0,0
706,64,Jordan Campbell,Jordan,Campbell,3,2,2,1,0.5
773,67,Jordan Gilliam,Jordan,Gilliam,1.5,2.5,1.5,0.5,0
525,67,Joirdon Karl Nicholas,Joirdon,Karl,7,1,7,0.5,0
318,5,Johnny Juzang,Johnny,Juzang,11.5,2,6.5,1.5,0.2
37,23,Johnny Davis,Johnny,Davis,21,1,8.5,2,0.235
362,52,Johnny McCants,Johnny,McCants,10.5,2,7,2,0.375
367,6,John Fulkerson,John,Fulkerson,10.5,1,2,0.5,0
767,32,John Tonje,John,Tonje,2,1,3,0,0
199,67,John Walker III,John,Walker,14.5,0,4.5,1,0.5
133,27,Joey Hauser,Joey,Hauser,16,2.5,7,0.5,0.5
761,13,Joe Toussaint,Joe,Toussaint,2,1,1,0,0
193,63,"Joe Bryant, Jr.",Joe,"Bryant,",15,0,5,0,0.5
745,58,Jesper Granlund,Jesper,Granlund,2,1,3,0,0
130,10,Jermaine Samuels,Jermaine,Samuels,16,1.5,8.5,1.5,0.6
165,9,Jeremy Sochan,Jeremy,Sochan,15,3,9,1,0.333
236,11,Jeremy Roach,Jeremy,Roach,13.5,4,1.5,1,0.333
611,48,Jeremiah Oden,Jeremiah,Oden,5,0,1,0,1
605,49,Jeff Woodward,Jeff,Woodward,5,2,4,0,0
316,12,Jaylin Williams,Jaylin,Williams,11.5,2,12.5,0.5,0.2
785,5,Jaylen Clark,Jaylen,Clark,1,0,0.5,0.5,0
521,57,Jaylen Murray,Jaylen,Murray,7,1.5,2.5,0.5,0.667
631,34,Jared Rhoden,Jared,Rhoden,5,0,4,0,0
339,40,Jared Bynum,Jared,Bynum,11,3,1.5,0,0.429
355,34,Jamir Harris,Jamir,Harris,11,2,0,0,0.286
170,9,James Akinjo,James,Akinjo,15,7.5,4,1.5,0.25
502,61,"Jameer Nelson, Jr.",Jameer,"Nelson,",8,3,1,1,0.2
678,38,Jamari Wheeler,Jamari,Wheeler,3.5,2,4.5,1,0.2
1,30,Jamaree Bouyea,Jamaree,Bouyea,36,3,3,1,0.333
168,15,Jamal Shead,Jamal,Shead,15,5,2,2,0.5
280,3,Jalen Wilson,Jalen,Wilson,12.5,1.5,10,0.5,0.143
447,20,Jalen Duren,Jalen,Duren,8.5,1.5,9,0.5,0
760,59,Jalen Gabbidon,Jalen,Gabbidon,2,3,4,1,0
54,60,Jalen Gibbs,Jalen,Gibbs,20,0,6,0,0.444
119,60,Jalen Finch,Jalen,Finch,17,0,1,2,0.667
403,64,Jalen Harris,Jalen,Harris,10,0,1,1,0.5
299,65,Jalen Thomas,Jalen,Thomas,12,1,9,1,0
615,68,Jalen Jackson,Jalen,Jackson,5,3,2,1,0
169,5,"Jaime Jaquez, Jr.",Jaime,"Jaquez,",15,4,5,1,0.25
624,65,Ja'Heim Hudson,Ja'Heim,Hudson,5,0,5,0,1
46,4,Jaden Ivey,Jaden,Ivey,20,2,3.5,1,0.5
266,37,Jaden Shackelford,Jaden,Shackelford,13,2,7,2,0.2
432,7,Jacob Toppin,Jacob,Toppin,9,1,1,0,0
796,16,Jacob Grandison,Jacob,Grandison,0,1,1.5,0,0
207,54,Jacob Gilyard,Jacob,Gilyard,14,4.5,4.5,0,0.286
710,49,Jack Ferguson,Jack,Ferguson,3,3,2,1,0.25
163,17,Jabari Smith II,Jabari,Smith,15,4,14.5,0,0.333
541,52,Jabari Rice,Jabari,Rice,7,2,1,0,0.364
102,12,J.D. Notae,J.D.,Notae,17.5,3.5,5.5,4,0.2
336,37,J.D. Davison,J.D.,Davison,11,9,3,3,1
200,51,Izaiah Brockington,Izaiah,Brockington,14.5,0.5,3,2.5,0.2
763,57,Isiah Dasher,Isiah,Dasher,2,1,1,0,0
604,67,Isiah Small,Isiah,Small,5,1,8,0,0
683,4,Isaiah Thompson,Isaiah,Thompson,3.5,0,1.5,0.5,0
436,18,Isaiah Whaley,Isaiah,Whaley,9,0,3,0,0.25
34,44,Isaiah Wong,Isaiah,Wong,21.5,1.5,5,1,0
477,32,Isaiah Stevens,Isaiah,Stevens,8,4,5,1,0.5
340,33,Isaiah Mobley,Isaiah,Mobley,11,8,5,0,0.333
741,46,Isaiah Powell,Isaiah,Powell,2,1,7,0,0
439,58,Isaiah Wilkins,Isaiah,Wilkins,9,2,2,1,0.143
656,59,Isaiah Kelly,Isaiah,Kelly,4,0,6,0,0
461,64,Isaiah Hill,Isaiah,Hill,8,3,2,1,0
606,68,Isaac Mushila,Isaac,Mushila,5,2,8,1,1
714,34,Ike Obiagu,Ike,Obiagu,3,0,5,0,0
357,42,Hyunjung Lee,Hyunjung,Lee,11,1,4,0,0.429
19,35,Hunter Dickinson,Hunter,Dickinson,24,2.5,8.5,1,0.5
41,48,Hunter Maldonado,Hunter,Maldonado,21,5,3,1,0.5
311,29,Hunter Cattoor,Hunter,Cattoor,12,1,1,1,0.333
503,57,Hassan Drame,Hassan,Drame,7.5,2,8,1,0
474,66,Hall Elisias,Hall,Elisias,8,0,6,2,0
757,66,Greg Calixte,Greg,Calixte,2,0,0,0,0
629,55,Greg Tribble,Greg,Tribble,5,0,4,0,0
651,42,Grant Huffman,Grant,Huffman,4,3,3,2,0
517,54,Grant Golden,Grant,Golden,7,5,5,0,0
103,62,Grant Basile,Grant,Basile,17.5,1,6.5,1.5,0.385
120,48,Graham Ike,Graham,Ike,17,1,9,0,0
740,51,George Conditt IV,George,Conditt,2,2,3.5,0,0
68,36,Geo Baker,Geo,Baker,19,5,6,0,0.375
172,27,Gabe Brown,Gabe,Brown,15,1.5,1.5,0,0.5
535,30,Gabe Stefanini,Gabe,Stefanini,7,3,0,0,0.333
248,51,Gabe Kalscheur,Gabe,Kalscheur,13,2,4,2.5,0.2
774,43,Francisco Farabello,Francisco,Farabello,1.5,0.5,3.5,0.5,0.2
697,57,Fousseyni Drame,Fousseyni,Drame,3,0.5,4,0.5,0
303,42,Foster Loyer,Foster,Loyer,12,4,6,0,0.2
515,9,Flo Thamba,Flo,Thamba,7,0.5,5.5,1.5,0
571,46,Finn Sullivan,Finn,Sullivan,6,4,4,0,0.2
599,13,Filip Rebraca,Filip,Rebraca,5,1,9,1,0
379,15,Fabian White,Fabian,White,10,1,6.5,0,0.222
527,65,Evan Johnson,Evan,Johnson,7,0,4,1,0.333
637,38,Eugene Brown III,Eugene,Brown,4.5,0.5,1,0,0
642,33,Ethan Anderson,Ethan,Anderson,4,4,5,0,0
507,4,"Eric Hunter, Jr.",Eric,"Hunter,",7.5,2.5,4,1,0.286
279,10,Eric Dixon,Eric,Dixon,12.5,0.5,7,1,0.75
212,55,Enrique Freeman,Enrique,Freeman,14,1,10,1,0
543,19,Emmanuel Akot,Emmanuel,Akot,7,0,0,0,0.167
378,43,Emmanuel Miller,Emmanuel,Miller,10,0.5,4.5,1.5,0
60,35,Eli Brooks,Eli,Brooks,19.5,5.5,5,1.5,0.333
668,41,Efton Reid,Efton,Reid,4,0,3,0,0
326,43,"Eddie Lampkin, Jr.",Eddie,"Lampkin,",11,1,9.5,0.5,0
775,44,Earl Timberlake,Earl,Timberlake,1.5,1,1,0,0
124,38,E.J. Liddell,E.J.,Liddell,16.5,2,8,1.5,0.333
494,59,E.J. Jarvis,E.J.,Jarvis,8,2,2,0,0
389,64,E.J. Anosike,E.J.,Anosike,10,0,10,0,0
563,61,Dylan Painter,Dylan,Painter,6,1,2,2,0
538,67,Drue Drinnon,Drue,Drinnon,7,1,0,0,0.5
4,1,Drew Timme,Drew,Timme,28.5,3,13.5,0.5,0.5
117,33,Drew Peterson,Drew,Peterson,17,3,5,0,0.429
652,48,Drake Jeffries,Drake,Jeffries,4,0,10,0,0
252,39,Doug Wilson,Doug,Wilson,13,3,4,4,0
125,57,Doug Edert,Doug,Edert,16.5,2,3.5,0,0.75
149,32,D'Moi Hodge,D'Moi,Hodge,16,1,6,0,0.167
185,32,Dischon Thomas,Dischon,Thomas,15,1,1,2,0.714
48,63,Devante Carter,Devante,Carter,20,7,5,2,0.333
682,17,Devan Cambridge,Devan,Cambridge,3.5,0,4.5,0,0
660,32,Deshon Parker,Deshon,Parker,4,2,1,2,0
393,58,Deshaun Wade,Deshaun,Wade,10,2,3,0,0.5
220,64,Deon Stroud,Deon,Stroud,14,2,3,2,0.25
645,60,Demaree King,Demaree,King,4,5,3,1,0
542,68,De'Lazarus Keys,De'Lazarus,Keys,7,1,0,0,0
334,32,Deante Johnson,Deante,Johnson,11,1,7,1,0
209,20,DeAndre Williams,DeAndre,Williams,14,0.5,6,0.5,0
458,12,Davonte Davis,Davonte,Davis,8,2,3,1.5,0.333
482,7,Davion Mintz,Davion,Mintz,8,2,3,1,0.333
562,8,Davion Warren,Davion,Warren,6,2,3.5,1.5,0.25
454,3,David McCormack,David,McCormack,8,1,6.5,1.5,0
263,32,David Roddy,David,Roddy,13,4,6,1,0.167
674,53,David Jean-Baptiste,David,Jean-Baptiste,4,1,3,2,0
793,58,D'Avian Houston,D'Avian,Houston,1,1,1,1,0
127,57,Daryl Banks III,Daryl,Banks,16.5,1.5,2.5,1,0.545
356,50,Darryl Morsell,Darryl,Morsell,11,1,7,0,0
619,29,Darius Maddox,Darius,Maddox,5,0,4,0,0
673,37,Darius Miles,Darius,Miles,4,1,0,0,0
211,41,Darius Days,Darius,Days,14,0,12,2,0.333
456,53,Darius Banks,Darius,Banks,8,1,13,2,0
487,60,Darian Adams,Darian,Adams,8,4,5,2,0.2
754,64,"Dante Maddox, Jr.",Dante,"Maddox,",2,0,1,0,0
407,47,Dane Goodwin,Dane,Goodwin,9.7,0.3,4.3,0,0.625
780,16,Da'Monte Williams,Da'Monte,Williams,1,0.5,4.5,1,0
375,43,Damion Baugh,Damion,Baugh,10,6,7,1,0.333
300,64,Damari Milstead,Damari,Milstead,12,3,5,3,0.667
361,2,Dalen Terry,Dalen,Terry,10.5,4.5,5.5,3,0.75
597,9,Dale Bonner,Dale,Bonner,5,2.5,3,0.5,0.286
446,3,"Dajuan Harris, Jr.",Dajuan,"Harris,",8.5,2.5,1.5,1,0.75
451,21,Courtney Ramey,Courtney,Ramey,8.5,1.5,3.5,2.5,0.25
75,47,Cormac Ryan,Cormac,Ryan,18,1,3.7,1,0.524
152,65,Corey Allen,Corey,Allen,16,2,1,0,0.4
800,13,Connor McCaffery,Connor,McCaffery,0,3,3,0,0
108,10,Collin Gillespie,Collin,Gillespie,17,4,2.5,0.5,0.333
546,16,Coleman Hawkins,Coleman,Hawkins,6.5,1.5,6,0,0.2
590,5,Cody Riley,Cody,Riley,5.5,0.5,6.5,1,1
175,36,Cliff Omoruyi,Cliff,Omoruyi,15,3,6,0,0
514,52,Clayton Henry,Clayton,Henry,7,1.5,5,0.5,0.429
639,23,Chucky Hepburn,Chucky,Hepburn,4,2.5,4,0.5,0.2
234,43,Chuck O'Bannon Jr.,Chuck,O'Bannon,13.5,2,5.5,2.5,0.385
231,3,Christian Braun,Christian,Braun,13.5,4,6.5,1,0.714
27,2,Christian Koloko,Christian,Koloko,22.5,4,12.5,0.5,0
366,21,Christian Bishop,Christian,Bishop,10.5,0,5,0.5,0
621,63,Christian Ings,Christian,Ings,5,2,3,2,0.2
635,12,Chris Lykes,Chris,Lykes,4.5,0,0,0,0
572,26,Chris Knight,Chris,Knight,6,0,3,1,0
400,33,Chevez Goodwin,Chevez,Goodwin,10,0,6,0,0
201,1,Chet Holmgren,Chet,Holmgren,14,3.5,13,1,0
753,39,Charlie Easley,Charlie,Easley,2,2,1,0,0
153,44,Charlie Moore,Charlie,Moore,15.5,6,6,3.5,0.429
497,66,Charles Pride,Charles,Pride,8,0,8,2,0
677,37,Charles Bediako,Charles,Bediako,4,0,0,0,0
534,32,Chandler Jacobs,Chandler,Jacobs,7,1,2,2,0
290,10,Caleb Daniels,Caleb,Daniels,12,1,5,0.5,0.444
548,35,Caleb Houstan,Caleb,Houstan,6.5,1,4,0.5,0.273
223,28,Caleb Love,Caleb,Love,14,1.5,3,0.5,0.412
24,36,Caleb McConnell,Caleb,McConnell,23,2,11,1,0.667
550,51,Caleb Grill,Caleb,Grill,6.5,1,3,1.5,0.214
394,67,Caleb Asberry,Caleb,Asberry,10,3,6,1,0.25
111,8,Bryson Williams,Bryson,Williams,17,2,2.5,1,0.444
244,67,Bryson Etienne,Bryson,Etienne,13,0.5,3,1.5,0.429
665,32,Broc Finstuen,Broc,Finstuen,4,2,5,1,0
504,67,Brison Gresham,Brison,Gresham,7.5,0.5,8.5,0.5,0
618,48,Brendan Wenzel,Brendan,Wenzel,5,0,4,1,0.2
776,10,Brandon Slater,Brandon,Slater,1.5,1,2.5,1,0
486,41,Brandon Murray,Brandon,Murray,8,1,3,2,0.25
427,60,Brandon Huffman,Brandon,Huffman,9,0,7,0,0
10,28,Brady Manek,Brady,Manek,27,2.5,8,0,0.5
222,26,Braden Norris,Braden,Norris,14,2,3,1,0.364
455,23,Brad Davison,Brad,Davison,8,4,3,2,0.25
721,33,Boogie Ellis,Boogie,Ellis,3,1,3,1,0.25
285,47,Blake Wesley,Blake,Wesley,12.3,1.7,5,1.7,0
756,59,Bez Mbeng,Bez,Mbeng,2,3,3,0,0
20,2,Bennedict Mathurin,Bennedict,Mathurin,24,2,6.5,1,0.333
59,46,Ben Shungu,Ben,Shungu,20,1,6,0,0.4
89,39,Baylor Scheierman,Baylor,Scheierman,18,3,10,0,0.375
425,2,Azuolas Tubelis,Azuolas,Tubelis,9,0.5,4.5,1,0
97,59,Azar Swain,Azar,Swain,18,2,3,1,0.333
549,12,Au'Diese Toney,Au'Diese,Toney,6.5,0,3.5,0,0.333
79,22,Arthur Kaluma,Arthur,Kaluma,18,2,9,1,0.312
129,28,Armando Bacot,Armando,Bacot,16,3.5,13,1,0
596,1,Anton Watson,Anton,Watson,5,2,5,1,0
84,64,Anthony Holland,Anthony,Holland,18,0,8,1,0.5
132,1,Andrew Nembhard,Andrew,Nembhard,16,8,3.5,0.5,0.533
64,21,Andrew Jones,Andrew,Jones,19,1,3.5,1.5,0.5
264,61,Andrew Carr,Andrew,Carr,13,1,3,0,1
703,62,Andrew Welage,Andrew,Welage,3,1.5,1.5,0,0.333
557,18,Andre Jackson,Andre,Jackson,6,4,2,1,0
681,54,Andre Gustavson,Andre,Gustavson,3.5,0.5,3.5,0,0
662,56,Amin Adamu,Amin,Adamu,4,2,3,1,0
595,51,Aljaz Kunc,Aljaz,Kunc,5,1,5,1.5,0.333
628,55,Ali Ali,Ali,Ali,5,1,1,1,0.25
323,16,Alfonso Plummer,Alfonso,Plummer,11.5,0.5,2,1,0.333
797,34,Alexis Yetna,Alexis,Yetna,0,1,3,1,0
154,22,Alex O'Connell,Alex,O'Connell,15.5,2.5,5,1.5,0.364
291,14,Alex Ducas,Alex,Ducas,12,0.5,4.5,1.5,0.4
250,39,Alex Arians,Alex,Arians,13,2,7,0,0.333
413,20,Alex Lomax,Alex,Lomax,9,5,4,0.5,0.5
771,26,Aher Uguak,Aher,Uguak,2,1,0,1,0
371,8,Adonis Arms,Adonis,Arms,10,3.5,6,0.5,0.75
438,66,Adham Eleeda,Adham,Eleeda,9,0,7,1,0.25
382,18,Adama Sanogo,Adama,Sanogo,10,3,8,3,0
65,9,Adam Flagler,Adam,Flagler,19,2.5,1.5,0.5,0.312
623,25,Adam Seiko,Adam,Seiko,5,0,2,1,0.25
57,19,Abu Kigab,Abu,Kigab,20,2,3,2,0.4
708,56,Abdul Mohamed,Abdul,Mohamed,3,1,3,1,0
676,46,Aaron Deloney,Aaron,Deloney,4,0,2,0,0
448,11,"A.J. Griffin, Jr.",A.J.,"Griffin,",8.5,1,4.5,0,0.3
337,27,A.J. Hoggard,A.J.,Hoggard,11,3,3,0,0
241,40,A.J. Durham,A.J.,Durham,13,4.5,6,0.5,0.444
416,40,A.J. Reeves,A.J.,Reeves,9,4,2.5,0,0.5
788,53,A.J. Caldwell,A.J.,Caldwell,1,0,3,0,0
644,67,A.J. Lawson,A.J.,Lawson,4,2.5,5.5,0,0
